2021-06-14, 14:25:44, 80000000, 82500000, 19531.25, 1280, -22.21, -22.27, -22.08, -22.07, -21.68, -21.16, -20.73, -20.12, -19.51, -19.27, -18.99, -18.72, -18.41, -18.13, -17.73, -17.72, -17.27, -16.96, -17.22, -16.89, -16.32, -16.24, -15.94, -16.02, -15.88, -16.44, -16.00, -16.23, -16.07, -16.21, -15.93, -16.10, -15.90, -15.91, -15.65, -15.74, -15.78, -16.13, -16.09, -16.28, -16.32, -16.23, -16.21, -16.64, -16.12, -16.42, -16.15, -15.78, -15.60, -15.45, -15.75, -14.72, -15.76, -15.83, -15.71, -15.84, -16.02, -15.53, -14.90, -15.59, -14.31, -14.89, -15.00, -14.34, -15.51, -15.51, -15.47, -15.67, -15.69, -15.12, -15.68, -15.45, -15.56, -15.69, -15.51, -15.31, -15.23, -15.44, -15.70, -15.88, -16.12, -16.10, -16.01, -16.07, -16.45, -16.17, -16.06, -16.22, -15.94, -16.00, -16.21, -16.20, -16.37, -16.16, -16.18, -16.04, -16.31, -16.12, -16.11, -15.97, -15.79, -15.99, -15.44, -15.77, -15.50, -15.89, -16.29, -16.13, -16.42, -16.39, -16.84, -16.90, -17.29, -17.20, -17.44, -17.44, -17.84, -18.25, -18.50, -18.90, -19.59, -19.86, -20.29, -21.10, -21.41, -21.96, -21.81, -22.28, -22.28
2021-06-14, 14:25:44, 82500000, 85000000, 19531.25, 1280, -22.02, -21.72, -21.53, -21.18, -20.81, -20.40, -20.09, -19.66, -19.08, -19.02, -18.30, -17.94, -17.57, -17.07, -16.67, -16.51, -16.44, -16.38, -16.12, -15.89, -15.84, -15.63, -15.53, -15.42, -15.68, -15.53, -15.55, -15.29, -15.14, -15.61, -15.50, -15.58, -15.38, -15.55, -15.93, -15.73, -15.71, -15.97, -15.68, -15.95, -15.69, -15.85, -15.85, -16.11, -16.21, -15.61, -15.83, -16.29, -15.74, -15.93, -15.85, -16.02, -15.28, -15.31, -15.26, -15.34, -15.59, -15.13, -15.81, -15.25, -15.54, -15.40, -15.19, -15.12, -15.02, -15.02, -15.29, -15.01, -15.63, -15.31, -15.42, -15.70, -15.93, -15.69, -15.45, -15.49, -15.17, -15.13, -15.69, -15.46, -15.99, -16.18, -16.35, -16.07, -16.14, -16.66, -16.34, -16.43, -16.69, -16.32, -16.20, -16.10, -16.48, -15.79, -16.19, -16.42, -16.36, -16.11, -16.08, -15.70, -15.84, -15.47, -16.20, -16.33, -16.39, -16.26, -16.58, -16.11, -16.22, -17.03, -16.13, -16.59, -17.13, -16.88, -17.40, -17.94, -18.54, -18.97, -18.98, -19.65, -19.84, -20.35, -20.43, -20.74, -21.38, -21.68, -21.85, -22.30, -22.30
2021-06-14, 14:25:44, 85000000, 87500000, 19531.25, 1280, -18.97, -18.72, -17.32, -15.89, -14.16, -12.75, -11.91, -10.30, -9.67, -8.35, -7.11, -6.50, -5.91, -5.07, -4.03, -4.10, -4.05, -4.44, -4.87, -4.46, -4.54, -4.84, -4.76, -5.00, -5.58, -7.98, -13.07, -16.71, -17.88, -18.59, -18.74, -19.22, -18.70, -18.76, -19.17, -18.80, -19.12, -19.58, -19.51, -19.84, -20.31, -20.20, -19.89, -18.39, -17.37, -15.92, -11.37, -9.70, -12.53, -12.47, -11.41, -11.02, -10.54, -10.20, -10.15, -9.95, -11.00, -10.76, -10.93, -11.06, -12.58, -14.35, -15.93, -18.10, -19.75, -19.75, -19.73, -19.36, -19.36, -18.94, -18.95, -18.60, -18.15, -18.54, -18.36, -18.02, -18.14, -17.78, -18.41, -18.67, -18.50, -18.45, -18.56, -18.91, -18.64, -18.60, -19.05, -19.65, -20.06, -20.03, -20.12, -19.89, -19.52, -19.82, -19.75, -19.95, -19.58, -20.05, -19.78, -20.17, -20.13, -20.13, -20.19, -19.89, -18.60, -17.92, -16.99, -13.82, -11.48, -16.52, -18.73, -19.48, -20.34, -20.43, -20.73, -21.07, -21.49, -21.67, -21.63, -21.63, -21.28, -20.99, -20.45, -19.80, -19.58, -18.96, -18.66, -19.16, -19.16
2021-06-14, 14:25:44, 87500000, 90000000, 19531.25, 1280, 0.72, 0.68, 1.88, 2.53, -0.09, -0.33, -0.51, -0.81, -0.89, -1.00, -1.28, -1.22, -1.10, -0.87, -0.72, -0.06, 0.26, -0.12, -0.40, -0.79, -0.74, -0.81, -0.52, -0.28, -0.39, -0.48, -0.46, -0.76, -0.66, -0.76, -1.04, -1.22, -1.07, -0.72, -0.99, -0.75, -0.61, 0.75, 3.67, 5.45, 7.16, 8.10, 7.97, 7.36, 5.88, 2.59, 0.07, -0.22, -0.08, -0.22, -0.18, -0.23, -0.20, -0.36, -0.13, -0.17, 0.20, 0.30, 0.76, 1.03, 0.90, 0.90, 0.63, 0.18, -0.17, -0.17, 0.02, 0.06, 0.37, 0.32, 0.08, -0.22, -0.53, -0.33, -0.70, 0.46, 2.25, 4.73, 6.88, 9.76, 12.16, 13.89, 14.61, 14.08, 12.30, 9.21, 6.26, 3.56, 2.19, 0.82, 0.40, -0.13, -0.44, -0.43, -0.68, -0.60, -0.76, -0.98, -0.85, -0.78, -0.47, -0.45, -0.27, -0.17, 0.08, 0.31, 0.72, 0.69, 0.67, 0.43, 0.38, -0.51, -0.87, -0.79, -0.54, -0.39, -0.13, 0.17, 0.13, 0.98, 2.08, 2.77, 3.87, 3.75, 3.37, 3.86, 2.86, 1.10, 1.10
2021-06-14, 14:25:44, 90000000, 92500000, 19531.25, 1280, -11.65, -11.28, -11.39, -10.23, -9.87, -9.58, -9.37, -9.41, -9.54, -9.60, -9.43, -8.59, -7.07, -5.61, -4.43, -3.81, -3.79, -4.02, -4.57, -5.28, -6.47, -8.07, -7.87, -6.81, -4.48, 0.11, 0.53, -5.10, -7.66, -8.92, -9.00, -8.74, -8.18, -7.25, -6.72, -6.34, -5.92, -6.11, -6.08, -6.33, -6.69, -6.18, -5.82, -5.14, -4.04, -2.80, -2.20, -2.14, -2.83, -3.94, -4.76, -5.24, -4.92, -3.66, -0.03, 8.66, 11.77, 10.37, 4.20, -1.88, -4.71, -6.22, -7.02, -7.42, -7.81, -7.81, -8.00, -8.10, -8.35, -8.97, -9.08, -9.10, -8.58, -8.36, -7.44, -7.22, -6.54, -6.33, -6.93, -7.14, -7.63, -7.88, -8.35, -8.08, -7.59, -6.23, -2.82, 1.72, -0.92, -5.25, -6.49, -6.28, -5.14, -3.91, -2.53, -0.97, -0.59, -0.60, -0.86, -1.05, -2.16, -2.90, -4.00, -4.82, -5.06, -4.98, -4.92, -4.96, -5.05, -5.89, -6.69, -7.64, -8.49, -9.17, -10.27, -10.50, -8.48, -5.98, -4.83, -8.33, -10.17, -9.14, -6.75, -5.40, -6.07, -7.71, -8.86, -10.69, -10.69
2021-06-14, 14:25:44, 92500000, 95000000, 19531.25, 1280, -3.57, -4.27, -4.03, -3.52, -3.71, -3.28, -2.57, -1.53, 0.16, 1.87, 2.97, 2.77, 2.59, 1.73, -0.11, -1.39, -0.29, 2.45, 4.36, 5.15, 5.42, 4.43, 3.77, 2.55, 0.05, 0.27, 0.79, 1.88, 2.66, 4.89, 6.70, 8.14, 9.48, 10.23, 10.81, 10.87, 10.20, 8.75, 7.18, 5.74, 4.67, 4.02, 2.43, 1.86, 0.71, -0.55, -1.70, -2.57, -3.39, -3.18, -2.74, -2.68, -2.65, -2.95, -3.12, -3.17, -3.45, -3.66, -3.21, -2.24, 1.14, 4.88, 2.26, -1.10, -3.60, -3.60, -3.62, -3.95, -4.05, -4.09, -3.95, -3.70, -3.48, -3.65, -3.78, -3.80, -3.73, -3.54, -3.60, -3.33, -2.80, -2.74, -2.83, -3.28, -3.38, -3.82, -4.06, -4.08, -4.32, -3.88, -2.75, -2.05, -1.24, -0.84, -1.18, -1.23, -1.15, -1.58, -1.91, -2.48, -2.91, -3.05, -3.37, -3.40, -3.84, -3.81, -4.05, -4.19, -3.57, -3.36, -2.81, -2.49, -2.68, -2.60, -3.23, -3.78, -3.84, -4.81, -4.98, -5.34, -5.22, -5.06, -4.69, -4.43, -4.01, -3.23, -2.87, -2.96, -2.96
2021-06-14, 14:25:44, 95000000, 97500000, 19531.25, 1280, -19.50, -19.30, -19.58, -19.15, -18.13, -17.26, -16.14, -15.32, -15.20, -14.32, -12.88, -10.64, -9.56, -8.79, -8.86, -9.43, -10.56, -11.46, -12.27, -13.71, -14.45, -15.68, -16.79, -17.20, -17.19, -17.35, -17.41, -17.23, -17.35, -17.64, -17.47, -17.56, -17.86, -17.41, -17.38, -17.11, -17.11, -17.03, -17.11, -17.15, -16.92, -16.43, -16.53, -16.43, -16.36, -15.75, -15.79, -15.96, -15.96, -16.00, -15.74, -15.65, -15.76, -15.25, -14.52, -13.22, -12.30, -11.97, -12.98, -13.24, -12.32, -11.44, -9.79, -8.07, -2.80, -2.80, -0.75, 0.33, 1.52, 1.57, 2.30, 3.97, 6.44, 7.78, 8.75, 8.65, 7.68, 6.32, 5.27, 3.60, 1.86, 0.97, -1.51, -5.35, -8.06, -8.47, -10.37, -11.79, -12.61, -13.02, -13.55, -13.98, -14.41, -14.70, -14.82, -14.90, -14.16, -10.97, -13.00, -14.56, -15.19, -15.67, -15.60, -15.45, -15.30, -15.32, -15.37, -15.69, -16.67, -17.02, -17.61, -17.99, -18.13, -18.43, -18.78, -18.98, -19.16, -19.59, -20.00, -20.27, -20.28, -20.89, -21.31, -21.55, -21.15, -20.83, -20.43, -19.64, -19.64
2021-06-14, 14:25:44, 97500000, 100000000, 19531.25, 1280, 6.59, 4.66, 6.70, 7.79, 3.16, 2.69, 2.64, 3.29, 3.18, 2.92, 2.80, 2.28, 2.67, 1.73, 0.87, 1.13, -0.63, -0.79, -0.76, -1.12, -0.97, -1.16, -1.78, -1.01, -2.07, -2.26, -2.19, -2.08, -2.61, -1.81, -2.28, -2.72, -2.85, -2.66, -2.62, -2.40, -2.36, -1.87, -2.02, -1.41, -1.51, -1.21, -1.22, -0.70, -0.27, -0.14, 0.41, 0.45, 0.57, 0.83, 1.46, 1.92, 3.23, 4.15, 4.70, 5.55, 6.38, 8.84, 10.88, 13.19, 14.60, 16.72, 15.67, 13.16, 9.08, 9.08, 7.78, 8.01, 8.80, 10.19, 9.91, 9.86, 9.22, 8.62, 7.88, 6.69, 5.42, 4.53, 3.72, 3.04, 2.11, 1.34, 0.40, -0.27, -0.84, -0.80, -1.15, -1.10, -1.67, -1.87, -2.07, -2.33, -2.26, -2.18, -2.51, -2.42, -2.65, -2.93, -2.74, -2.43, -2.86, -2.22, -2.45, -2.44, -2.53, -1.25, -2.45, -2.34, -1.90, -2.00, -2.33, -1.95, -1.96, -0.13, -1.22, -0.91, -0.42, 0.46, 1.49, 1.96, 2.99, 3.56, 4.92, 5.78, 4.64, 8.18, 7.15, 5.67, 5.67
2021-06-14, 14:25:54, 80000000, 82500000, 19531.25, 1344, -22.13, -22.22, -22.30, -22.04, -21.64, -21.10, -21.00, -20.29, -19.62, -19.25, -19.13, -18.69, -18.01, -18.01, -17.86, -17.58, -17.10, -17.27, -17.16, -16.76, -16.59, -16.33, -15.96, -15.79, -16.30, -16.06, -16.09, -16.01, -15.93, -16.10, -15.70, -16.23, -15.98, -16.08, -16.15, -15.81, -15.89, -16.12, -16.19, -16.20, -16.35, -16.27, -16.24, -16.15, -16.05, -16.24, -16.25, -15.89, -15.61, -15.55, -15.78, -15.26, -15.40, -15.91, -15.84, -15.71, -15.87, -15.69, -14.86, -15.33, -14.46, -15.30, -15.24, -14.13, -15.49, -15.49, -15.63, -15.44, -15.33, -15.21, -15.63, -15.85, -15.62, -15.67, -15.61, -15.34, -15.31, -15.53, -15.94, -16.14, -16.10, -16.18, -16.21, -15.99, -16.27, -16.19, -16.13, -16.15, -16.09, -15.91, -16.19, -16.31, -16.09, -16.04, -16.29, -16.00, -16.28, -15.91, -16.01, -16.00, -15.92, -15.92, -15.67, -15.84, -15.45, -15.82, -16.19, -16.23, -16.44, -16.61, -16.69, -16.96, -16.99, -16.89, -17.47, -17.75, -17.79, -18.44, -18.80, -19.16, -19.78, -20.05, -20.65, -20.96, -21.26, -21.80, -21.88, -22.29, -22.29
2021-06-14, 14:25:54, 82500000, 85000000, 19531.25, 1344, -22.27, -22.08, -21.98, -21.47, -21.16, -20.66, -20.19, -19.74, -19.51, -19.23, -18.37, -18.35, -18.14, -17.41, -16.98, -16.60, -16.55, -16.51, -16.31, -16.04, -15.99, -15.69, -15.82, -15.80, -16.02, -15.61, -15.73, -15.44, -15.39, -15.68, -15.64, -15.65, -15.89, -15.80, -16.20, -15.97, -15.94, -16.10, -15.98, -16.03, -15.94, -15.73, -16.01, -16.22, -16.27, -15.97, -16.16, -16.09, -16.32, -16.29, -16.16, -16.02, -15.77, -15.80, -15.72, -15.49, -15.51, -15.60, -15.85, -15.58, -15.49, -15.56, -15.07, -15.65, -15.29, -15.29, -15.32, -15.47, -15.88, -15.50, -15.87, -16.08, -16.06, -16.14, -15.61, -15.28, -15.68, -15.42, -15.81, -15.62, -16.33, -16.32, -16.53, -16.58, -16.45, -17.06, -16.59, -16.33, -16.94, -16.68, -16.50, -16.47, -16.81, -16.52, -16.49, -16.49, -16.48, -16.69, -16.34, -16.15, -16.03, -16.06, -16.59, -16.65, -16.62, -16.79, -16.72, -16.60, -16.61, -17.08, -16.52, -16.99, -17.52, -17.31, -17.77, -18.41, -18.93, -19.31, -19.30, -20.03, -20.30, -20.24, -20.80, -21.11, -21.83, -22.14, -22.25, -22.45, -22.45
2021-06-14, 14:25:54, 85000000, 87500000, 19531.25, 1344, -18.89, -18.92, -17.46, -16.19, -15.05, -13.86, -11.86, -9.52, -8.23, -6.83, -6.40, -5.83, -5.76, -5.72, -6.07, -6.28, -6.46, -6.44, -6.93, -7.86, -8.05, -8.92, -8.77, -7.96, -8.15, -11.00, -15.04, -18.18, -18.91, -18.94, -19.28, -18.86, -19.05, -19.01, -19.23, -19.29, -19.91, -20.16, -20.20, -20.36, -20.31, -20.15, -19.33, -17.25, -15.34, -14.00, -10.60, -9.28, -12.25, -11.81, -11.12, -10.58, -10.34, -10.54, -10.47, -11.76, -12.32, -13.03, -13.54, -14.88, -14.81, -16.91, -17.27, -18.61, -19.76, -19.76, -19.76, -19.49, -19.04, -18.65, -18.25, -18.35, -17.73, -18.25, -18.32, -18.56, -19.01, -18.96, -19.31, -19.33, -19.80, -19.49, -19.51, -19.81, -19.42, -19.10, -19.56, -19.66, -19.80, -19.83, -20.03, -19.89, -19.57, -20.00, -19.65, -20.23, -20.03, -20.36, -20.24, -20.46, -20.37, -20.11, -20.44, -19.98, -18.56, -17.41, -15.97, -13.59, -10.89, -15.98, -19.23, -19.83, -20.13, -20.28, -21.14, -21.40, -21.79, -22.16, -21.96, -22.44, -21.72, -20.07, -19.52, -19.15, -18.73, -18.08, -18.31, -18.64, -18.64
2021-06-14, 14:25:54, 87500000, 90000000, 19531.25, 1344, 0.37, 0.58, 1.70, 2.32, 0.01, -0.31, -0.81, -0.95, -0.92, -1.10, -1.28, -1.46, -1.22, -0.89, -0.35, -0.03, -0.45, -0.50, -0.59, -0.96, -1.03, -0.95, -0.71, -0.36, -0.48, -0.55, -0.79, -0.79, -0.90, -1.12, -1.12, -0.95, -1.13, -1.19, -1.02, -0.84, -0.62, 1.37, 4.32, 5.83, 7.22, 7.97, 7.12, 6.81, 6.86, 3.88, 0.44, -0.10, -0.58, -0.34, -0.35, -0.38, -0.43, -0.46, -0.53, -0.40, -0.04, 0.19, 0.27, 0.54, 0.56, 0.61, 0.27, 0.03, -0.26, -0.26, -0.18, -0.12, 0.11, -0.08, -0.03, -0.43, -0.66, -0.73, -0.89, 0.43, 1.53, 3.97, 5.89, 9.03, 11.56, 14.02, 14.70, 14.19, 12.20, 9.42, 7.02, 4.46, 3.04, 1.31, 0.28, -0.24, -0.45, -0.41, -0.67, -0.87, -0.79, -1.04, -0.94, -0.84, -0.84, -0.52, -0.49, -0.41, -0.12, 0.30, 0.20, 0.38, 0.39, -0.18, -0.10, -0.33, -0.87, -0.70, -0.85, -0.57, -0.62, -0.28, -0.09, 0.67, 1.32, 2.44, 3.58, 4.55, 3.68, 3.54, 2.20, 0.63, 0.63
2021-06-14, 14:25:54, 90000000, 92500000, 19531.25, 1344, -11.40, -11.30, -11.07, -10.25, -9.35, -8.96, -8.53, -8.26, -8.45, -8.48, -8.24, -7.66, -6.36, -5.18, -4.28, -3.41, -3.06, -3.27, -4.26, -5.20, -5.68, -6.86, -6.97, -6.32, -3.52, 0.79, 0.74, -3.57, -6.76, -8.12, -8.75, -8.27, -7.37, -7.00, -6.37, -5.96, -5.90, -5.60, -5.66, -5.86, -6.00, -6.12, -5.49, -4.64, -3.24, -2.28, -2.10, -2.39, -3.09, -3.92, -5.04, -5.34, -4.99, -3.57, -0.77, 7.02, 11.32, 11.09, 2.47, -2.42, -4.79, -6.08, -6.75, -7.17, -7.76, -7.76, -7.69, -7.76, -8.18, -8.43, -8.53, -8.37, -8.09, -7.63, -7.14, -6.13, -5.70, -5.56, -6.15, -6.70, -7.21, -7.62, -7.89, -7.79, -7.02, -5.34, -1.79, 2.58, -1.48, -5.06, -6.30, -5.96, -5.15, -3.67, -2.33, -1.42, -0.75, 0.03, 0.45, -0.11, -0.62, -1.75, -2.29, -3.04, -4.15, -4.38, -4.52, -4.92, -5.10, -5.77, -6.57, -7.36, -8.36, -9.61, -9.78, -10.14, -8.63, -5.94, -4.74, -8.23, -10.12, -9.29, -7.07, -4.93, -5.12, -7.02, -8.46, -10.43, -10.43
2021-06-14, 14:25:54, 92500000, 95000000, 19531.25, 1344, -2.76, -3.24, -2.62, -2.17, -2.49, -1.76, -1.53, 0.11, 0.86, 1.48, 2.42, 2.30, 1.72, 0.97, 0.15, -0.50, -0.10, 2.16, 3.86, 4.15, 4.29, 4.72, 3.78, 1.87, 0.50, 1.70, 3.91, 5.52, 6.54, 7.38, 7.11, 8.18, 8.30, 9.39, 10.24, 10.90, 10.80, 10.16, 9.60, 8.46, 6.87, 5.19, 4.56, 4.37, 2.42, 1.39, 0.01, -0.86, -1.73, -1.96, -2.05, -1.91, -2.05, -2.26, -2.58, -2.69, -2.77, -2.49, -2.21, -1.57, 0.91, 3.33, 2.61, -0.67, -2.71, -2.71, -2.98, -3.32, -3.40, -2.96, -3.05, -2.90, -2.92, -2.80, -3.19, -2.71, -2.80, -2.88, -2.72, -2.77, -2.77, -2.27, -2.41, -2.56, -2.95, -3.43, -3.43, -3.41, -3.21, -2.67, -2.32, -2.02, -1.36, -1.27, -1.13, -1.23, -1.25, -1.22, -1.76, -1.68, -2.06, -2.23, -2.31, -2.86, -3.04, -2.97, -3.07, -2.98, -2.97, -2.81, -2.24, -2.66, -2.42, -2.45, -2.94, -3.09, -3.43, -3.53, -3.70, -3.85, -4.27, -3.44, -3.95, -3.33, -3.18, -2.43, -2.50, -2.79, -2.79
2021-06-14, 14:25:54, 95000000, 97500000, 19531.25, 1344, -19.29, -19.78, -19.91, -19.36, -18.35, -17.09, -16.82, -16.22, -15.24, -14.36, -12.96, -11.42, -10.24, -9.80, -9.49, -9.51, -9.94, -10.75, -11.85, -12.51, -13.22, -13.65, -14.49, -15.47, -16.85, -17.36, -17.53, -17.13, -17.29, -17.32, -17.44, -17.47, -17.39, -17.40, -17.09, -17.33, -17.14, -16.95, -16.93, -16.52, -16.79, -16.36, -16.61, -16.76, -16.28, -16.06, -15.89, -16.09, -15.93, -15.90, -16.02, -16.09, -15.79, -15.47, -14.73, -13.54, -12.37, -12.08, -13.52, -14.40, -14.26, -13.47, -12.31, -9.87, -2.82, -2.82, -1.09, -0.50, -0.23, 0.66, 2.86, 4.39, 5.76, 6.92, 7.53, 7.63, 7.54, 6.68, 6.02, 4.75, 3.52, 2.69, 1.55, 0.25, -1.08, -3.84, -7.07, -10.06, -11.79, -12.33, -12.50, -13.59, -14.31, -14.89, -14.96, -14.95, -13.90, -11.87, -13.44, -14.34, -14.91, -15.69, -15.56, -15.56, -15.58, -15.23, -15.22, -15.44, -16.09, -16.36, -17.14, -17.80, -18.12, -18.52, -18.72, -19.06, -19.40, -19.21, -19.52, -19.86, -20.36, -20.75, -21.24, -21.16, -21.24, -20.81, -20.68, -19.93, -19.93
2021-06-14, 14:25:54, 97500000, 100000000, 19531.25, 1344, 6.43, 4.86, 6.73, 7.56, 2.97, 2.71, 2.89, 3.56, 3.39, 2.84, 2.71, 2.15, 2.27, 1.81, 0.66, 0.48, -1.17, -0.96, -1.03, -1.20, -1.18, -1.68, -1.94, -1.42, -2.54, -2.37, -2.13, -1.98, -2.53, -1.95, -2.00, -2.93, -2.96, -2.72, -2.93, -2.53, -2.42, -1.88, -1.97, -1.57, -1.58, -1.26, -1.11, -0.64, -0.28, 0.16, 0.30, 0.41, 0.23, 1.05, 1.65, 1.89, 2.59, 3.88, 4.71, 5.07, 6.52, 8.17, 9.99, 13.03, 14.85, 17.13, 16.64, 13.60, 8.42, 8.42, 8.11, 8.71, 9.12, 10.02, 10.04, 9.70, 8.93, 8.39, 7.60, 6.60, 5.15, 4.15, 3.57, 2.87, 2.13, 0.96, -0.14, -0.51, -0.67, -0.75, -1.05, -1.46, -1.96, -2.08, -2.30, -1.99, -2.59, -2.23, -2.20, -2.84, -3.06, -3.18, -2.93, -2.26, -2.92, -2.17, -2.86, -2.63, -2.65, -1.75, -2.73, -2.31, -2.12, -2.16, -2.19, -2.31, -2.52, -0.43, -1.64, -1.13, -0.52, 0.13, 1.39, 1.92, 2.54, 3.11, 5.11, 5.75, 4.60, 7.91, 7.16, 5.76, 5.76
2021-06-14, 14:26:04, 80000000, 82500000, 19531.25, 1280, -22.14, -22.27, -21.93, -21.66, -21.61, -21.04, -20.52, -19.91, -19.58, -19.28, -18.87, -18.99, -18.31, -18.16, -17.98, -17.53, -17.06, -17.02, -17.24, -16.66, -16.15, -16.23, -15.89, -15.83, -15.73, -15.99, -16.02, -16.07, -16.08, -15.91, -15.77, -15.83, -15.93, -15.87, -16.01, -15.92, -15.85, -15.88, -16.34, -16.30, -16.11, -16.28, -16.30, -16.08, -16.02, -16.05, -16.27, -15.86, -15.62, -15.58, -15.76, -15.18, -15.41, -15.77, -16.07, -15.64, -16.08, -15.54, -15.00, -15.39, -14.35, -15.06, -15.07, -14.04, -15.37, -15.37, -15.44, -15.55, -15.54, -15.39, -15.73, -15.61, -15.58, -15.56, -15.57, -15.32, -15.29, -15.53, -15.91, -16.23, -16.01, -16.19, -16.13, -16.16, -16.11, -16.27, -16.04, -16.38, -15.83, -16.18, -16.00, -16.30, -16.32, -16.26, -16.09, -16.36, -16.10, -16.01, -15.84, -16.03, -15.84, -15.92, -15.68, -15.90, -15.63, -16.06, -16.34, -16.05, -16.50, -16.58, -16.79, -16.85, -17.31, -17.40, -17.28, -17.83, -17.88, -18.49, -18.85, -19.37, -19.53, -20.09, -20.31, -21.10, -21.32, -21.48, -22.05, -22.21, -22.21
2021-06-14, 14:26:04, 82500000, 85000000, 19531.25, 1280, -22.47, -21.92, -21.77, -21.38, -21.21, -20.97, -20.26, -19.88, -19.51, -19.00, -18.54, -18.23, -17.98, -17.20, -16.91, -16.65, -17.03, -16.57, -16.45, -16.22, -16.35, -15.67, -15.78, -15.65, -15.81, -15.83, -15.62, -15.38, -15.48, -15.46, -15.54, -15.81, -15.79, -16.04, -16.09, -16.07, -16.04, -16.14, -15.96, -16.12, -15.61, -15.75, -15.99, -16.32, -16.35, -16.27, -16.31, -16.19, -16.11, -16.10, -16.04, -15.91, -15.79, -15.76, -15.68, -15.60, -15.75, -15.81, -15.79, -15.65, -15.39, -15.48, -15.50, -15.75, -15.39, -15.39, -15.59, -15.48, -15.92, -15.88, -15.96, -16.28, -16.28, -16.07, -15.56, -15.39, -15.53, -15.60, -15.84, -16.12, -16.37, -16.52, -16.62, -16.86, -16.50, -16.73, -16.74, -16.69, -16.98, -16.85, -16.62, -16.54, -16.79, -16.59, -16.30, -16.83, -16.70, -16.58, -16.46, -16.58, -16.40, -16.06, -16.64, -16.74, -16.72, -16.95, -17.03, -16.70, -16.84, -17.26, -16.71, -17.15, -17.67, -17.56, -18.09, -18.57, -18.64, -19.22, -19.34, -19.93, -20.30, -20.62, -20.86, -21.08, -21.79, -22.03, -22.50, -22.68, -22.68
2021-06-14, 14:26:04, 85000000, 87500000, 19531.25, 1280, -19.79, -19.29, -17.76, -15.47, -14.73, -14.67, -13.85, -12.66, -12.07, -11.00, -9.81, -8.78, -8.17, -7.44, -7.19, -6.91, -7.10, -7.13, -6.98, -7.74, -7.87, -7.75, -8.05, -7.69, -8.61, -11.33, -14.32, -17.24, -18.61, -18.93, -19.54, -19.33, -19.20, -19.21, -19.28, -19.18, -19.50, -19.78, -19.98, -19.93, -19.81, -19.69, -18.78, -16.77, -15.59, -13.97, -9.96, -8.93, -12.76, -12.74, -12.51, -11.99, -11.46, -11.17, -11.32, -11.22, -11.39, -12.02, -12.44, -13.44, -14.66, -15.61, -17.53, -18.27, -19.27, -19.27, -19.44, -19.49, -19.48, -19.13, -19.03, -19.35, -18.61, -19.14, -19.16, -18.95, -19.01, -19.15, -19.28, -19.30, -19.40, -19.42, -19.27, -19.53, -19.06, -19.21, -19.34, -19.80, -20.26, -19.99, -20.04, -19.59, -19.55, -19.76, -19.70, -20.06, -20.02, -20.36, -20.08, -20.15, -19.92, -20.03, -20.11, -19.57, -17.34, -17.39, -16.61, -12.81, -11.35, -16.20, -18.66, -19.39, -20.45, -20.75, -20.92, -21.46, -21.67, -21.69, -21.93, -21.90, -21.11, -20.54, -19.07, -19.46, -19.09, -19.75, -19.57, -19.82, -19.82
2021-06-14, 14:26:04, 87500000, 90000000, 19531.25, 1280, 0.42, 0.38, 1.62, 2.11, -0.48, -0.54, -0.77, -0.96, -0.96, -1.37, -1.23, -1.20, -1.04, -0.77, -0.36, -0.29, -0.27, -0.45, -0.73, -0.91, -0.93, -0.52, -0.74, -0.58, -0.83, -0.66, -0.95, -1.17, -1.37, -0.99, -1.12, -1.30, -1.14, -1.10, -0.80, -0.82, -0.41, 2.10, 5.04, 6.00, 7.63, 7.87, 7.26, 6.53, 4.86, 2.63, 0.03, -0.35, -0.51, -0.58, -0.67, -0.65, -0.57, -0.42, -0.24, -0.17, -0.11, 0.50, 0.54, 0.40, 0.26, 0.42, 0.20, 0.16, -0.21, -0.21, -0.20, -0.31, -0.10, 0.12, -0.38, -0.31, -0.59, -0.51, -0.04, 1.30, 2.74, 4.76, 7.32, 9.57, 12.16, 13.85, 14.58, 13.92, 12.18, 9.71, 6.95, 4.97, 2.76, 1.00, -0.11, -0.17, -0.69, -0.48, -0.77, -0.73, -0.92, -0.72, -0.88, -0.93, -0.82, -0.70, -0.65, -0.45, -0.07, 0.46, 0.38, 0.58, 0.45, -0.10, -0.06, -0.70, -0.80, -0.96, -0.95, -0.64, -0.58, -0.30, -0.17, 0.75, 1.86, 2.76, 3.27, 3.90, 3.57, 3.69, 2.40, 0.74, 0.74
2021-06-14, 14:26:04, 90000000, 92500000, 19531.25, 1280, -11.29, -11.42, -11.08, -10.61, -9.75, -9.13, -8.61, -8.46, -8.84, -9.04, -8.59, -8.03, -7.12, -5.45, -4.34, -3.69, -3.23, -3.74, -4.53, -5.09, -6.42, -7.61, -7.41, -6.29, -3.35, 0.87, 0.80, -3.74, -6.85, -8.33, -8.71, -8.68, -7.85, -7.36, -6.41, -5.99, -5.87, -5.81, -5.98, -6.36, -6.52, -6.42, -6.11, -5.09, -4.14, -2.55, -1.87, -2.40, -3.09, -4.02, -4.56, -5.07, -4.85, -3.61, 0.34, 7.98, 10.98, 10.17, 3.80, -2.08, -5.02, -6.29, -7.15, -7.70, -7.80, -7.80, -8.13, -8.23, -8.25, -8.57, -8.61, -8.37, -8.13, -7.88, -7.25, -6.57, -6.23, -5.93, -6.24, -6.72, -7.32, -7.77, -8.20, -7.94, -7.24, -5.87, -2.60, 2.40, 0.74, -4.47, -6.08, -5.60, -5.54, -4.16, -2.72, -1.68, -0.64, -0.09, 0.03, -0.58, -1.40, -2.25, -3.20, -4.04, -4.92, -5.36, -5.21, -4.89, -4.90, -5.34, -5.63, -6.69, -7.50, -9.09, -9.57, -9.93, -8.31, -5.85, -5.68, -7.84, -9.71, -8.84, -6.96, -5.30, -5.28, -7.25, -8.42, -10.17, -10.17
2021-06-14, 14:26:04, 92500000, 95000000, 19531.25, 1280, -3.34, -2.99, -2.79, -2.35, -2.45, -2.59, -1.78, -1.08, -0.06, 1.04, 1.75, 2.04, 2.11, 1.46, 0.69, -0.04, -0.37, 1.20, 2.39, 4.51, 5.33, 4.74, 4.19, 3.13, 2.02, 3.00, 4.39, 5.30, 6.47, 7.25, 8.17, 9.20, 9.78, 10.31, 10.50, 10.30, 9.87, 8.92, 8.47, 7.34, 5.86, 5.06, 3.99, 2.85, 1.70, 0.49, -0.49, -0.94, -1.68, -1.96, -2.06, -1.92, -1.99, -2.50, -2.23, -2.43, -2.67, -3.05, -2.52, -1.72, 0.63, 3.33, 3.23, 0.61, -2.69, -2.69, -3.19, -3.35, -3.33, -2.96, -3.05, -3.09, -2.84, -3.06, -2.99, -2.95, -2.99, -3.17, -3.18, -2.63, -2.80, -2.71, -2.63, -2.73, -2.80, -3.18, -3.29, -2.94, -2.77, -2.55, -2.10, -1.59, -1.39, -1.28, -1.16, -1.21, -1.28, -1.43, -1.90, -2.00, -2.08, -2.46, -2.45, -2.83, -3.07, -3.15, -3.27, -3.36, -3.13, -3.01, -2.86, -2.84, -2.69, -2.85, -2.93, -3.06, -3.40, -3.57, -3.71, -4.11, -4.05, -3.86, -3.64, -3.42, -2.79, -2.13, -2.22, -2.96, -2.96
2021-06-14, 14:26:04, 95000000, 97500000, 19531.25, 1280, -19.17, -19.06, -18.48, -17.88, -17.40, -16.74, -15.78, -14.94, -13.91, -13.01, -12.15, -11.21, -10.38, -9.99, -9.58, -9.96, -10.41, -11.06, -12.13, -13.07, -14.18, -14.81, -15.54, -16.10, -16.37, -16.87, -16.94, -16.94, -16.89, -17.38, -17.23, -17.18, -17.33, -17.19, -17.30, -17.07, -16.92, -16.80, -16.89, -16.66, -16.55, -16.52, -16.98, -16.49, -16.24, -16.27, -16.04, -16.12, -16.01, -15.62, -15.89, -15.91, -15.73, -15.27, -14.38, -13.43, -12.24, -11.77, -11.41, -11.19, -10.54, -8.64, -7.90, -6.42, -2.62, -2.62, -0.56, 0.95, 2.25, 3.60, 4.60, 5.61, 6.17, 6.94, 7.41, 7.41, 7.00, 6.10, 5.62, 3.98, 2.79, 1.25, -0.69, -2.41, -3.55, -4.91, -6.66, -8.58, -9.49, -10.73, -12.13, -12.86, -13.88, -14.52, -14.85, -15.00, -14.01, -11.76, -13.58, -14.45, -15.11, -15.61, -15.39, -15.35, -14.84, -15.09, -15.62, -16.07, -16.26, -16.95, -17.23, -17.63, -17.80, -18.07, -18.55, -19.07, -19.23, -19.66, -19.74, -19.82, -20.10, -20.24, -20.78, -20.61, -20.85, -20.37, -20.05, -19.51, -19.51
2021-06-14, 14:26:04, 97500000, 100000000, 19531.25, 1280, 5.85, 4.97, 6.25, 7.31, 2.60, 2.66, 2.76, 3.23, 2.96, 2.39, 2.38, 1.86, 2.03, 1.79, 0.54, 0.81, -0.98, -1.17, -1.65, -1.47, -1.55, -1.52, -2.55, -1.44, -2.50, -2.76, -2.58, -2.26, -1.37, -1.86, -2.20, -2.51, -3.23, -3.03, -2.99, -2.71, -2.75, -1.85, -2.23, -1.51, -1.89, -1.56, -1.33, -1.10, -0.78, 0.35, 0.66, -0.00, 0.25, 0.60, 0.92, 1.79, 2.64, 3.58, 4.16, 5.54, 6.48, 8.02, 9.85, 13.15, 15.31, 17.19, 17.33, 13.72, 8.16, 8.16, 8.42, 8.64, 9.23, 9.82, 9.47, 9.34, 8.59, 8.15, 7.03, 6.10, 5.28, 4.48, 4.14, 2.01, 1.21, 0.84, 0.05, -0.32, -1.17, -1.05, -1.48, -1.23, -2.20, -2.46, -2.37, -2.30, -0.78, -2.21, -2.38, -2.58, -3.12, -3.24, -3.29, -2.69, -3.19, -2.16, -2.96, -2.74, -2.94, -2.01, -2.71, -2.63, -2.58, -1.91, -1.64, -2.11, -2.46, -0.79, -2.03, -1.12, -0.80, 0.47, 1.05, 1.57, 2.23, 3.04, 4.57, 5.15, 4.59, 7.74, 6.87, 5.17, 5.17
2021-06-14, 14:26:14, 80000000, 82500000, 19531.25, 1344, -22.32, -22.37, -22.02, -22.05, -21.80, -21.07, -20.96, -20.29, -19.44, -19.56, -19.22, -18.78, -18.36, -18.14, -18.03, -17.63, -17.18, -17.24, -17.23, -16.73, -16.56, -16.23, -16.04, -15.93, -16.06, -16.33, -16.33, -15.81, -15.98, -16.32, -16.11, -16.03, -16.12, -16.15, -16.01, -16.04, -16.09, -16.26, -16.28, -16.58, -16.45, -16.41, -16.15, -16.26, -16.09, -16.40, -16.42, -15.86, -15.70, -15.82, -15.87, -15.16, -15.72, -15.99, -15.99, -16.00, -15.91, -15.70, -15.35, -15.80, -14.40, -15.47, -15.31, -14.36, -15.69, -15.69, -15.38, -15.76, -15.67, -15.37, -15.85, -15.69, -15.60, -15.82, -15.64, -15.53, -15.47, -15.61, -15.91, -16.04, -16.07, -16.10, -16.13, -16.41, -16.28, -16.37, -16.17, -16.15, -16.11, -16.00, -16.35, -16.50, -16.35, -16.35, -16.58, -16.13, -16.35, -16.30, -16.15, -16.26, -16.23, -16.07, -15.93, -16.04, -15.70, -16.10, -16.47, -16.12, -16.52, -16.55, -16.97, -16.89, -17.43, -17.30, -17.37, -17.87, -17.96, -18.38, -18.72, -19.08, -19.72, -19.98, -20.75, -20.94, -21.54, -21.76, -22.13, -22.31, -22.31
2021-06-14, 14:26:14, 82500000, 85000000, 19531.25, 1344, -22.36, -21.96, -21.74, -21.34, -21.19, -20.74, -20.39, -19.90, -19.62, -19.03, -18.74, -18.19, -18.00, -17.65, -17.05, -16.59, -16.67, -16.89, -16.56, -16.37, -16.17, -15.92, -15.92, -16.07, -16.10, -15.97, -15.70, -15.52, -15.65, -15.38, -15.80, -15.64, -15.77, -15.71, -15.98, -16.05, -16.18, -16.21, -16.17, -15.88, -16.04, -15.98, -16.15, -16.43, -16.30, -15.94, -16.24, -16.33, -16.23, -15.96, -16.14, -16.36, -15.67, -15.80, -15.72, -15.65, -15.70, -15.65, -15.85, -15.52, -15.51, -15.68, -15.47, -15.55, -15.70, -15.70, -15.63, -15.75, -15.96, -15.78, -15.80, -16.18, -16.16, -15.88, -15.97, -15.96, -16.11, -15.57, -15.89, -16.20, -16.25, -16.56, -16.78, -16.58, -16.52, -16.82, -16.96, -16.74, -16.57, -16.82, -16.69, -16.78, -16.76, -16.50, -16.23, -16.78, -16.69, -16.65, -16.38, -16.52, -16.54, -16.09, -16.73, -16.78, -16.43, -16.88, -17.12, -16.63, -16.80, -17.11, -16.67, -17.21, -17.34, -17.53, -18.17, -18.55, -18.87, -19.26, -19.63, -20.03, -20.36, -20.77, -20.93, -21.06, -21.61, -22.09, -22.36, -22.67, -22.67
2021-06-14, 14:26:14, 85000000, 87500000, 19531.25, 1344, -19.70, -18.49, -16.96, -14.91, -12.83, -11.53, -11.35, -10.13, -9.35, -8.49, -7.70, -6.65, -6.11, -5.16, -4.90, -4.89, -4.68, -4.15, -4.02, -3.86, -3.49, -3.43, -3.34, -3.22, -3.29, -6.28, -10.80, -15.46, -17.47, -18.34, -19.14, -19.32, -19.45, -19.50, -19.37, -19.28, -19.82, -20.00, -20.05, -20.13, -20.50, -20.25, -19.50, -17.76, -17.30, -15.52, -11.61, -10.15, -13.18, -13.23, -12.43, -12.71, -12.46, -12.07, -12.13, -11.68, -11.12, -11.05, -11.30, -11.29, -12.14, -13.47, -15.34, -17.06, -19.49, -19.49, -19.82, -19.82, -19.72, -19.53, -19.30, -19.39, -18.62, -18.85, -18.65, -18.44, -18.58, -18.75, -18.63, -18.27, -18.55, -18.42, -18.14, -18.47, -18.00, -17.94, -19.00, -19.82, -20.34, -20.63, -20.53, -20.41, -20.43, -20.35, -20.40, -20.43, -20.43, -20.76, -20.27, -20.63, -20.66, -20.72, -20.36, -20.31, -18.67, -17.71, -17.18, -13.27, -12.14, -16.76, -18.82, -19.57, -20.91, -21.15, -21.67, -22.06, -22.18, -22.29, -21.98, -21.28, -20.90, -20.10, -19.70, -19.54, -19.80, -20.06, -19.93, -19.77, -19.77
2021-06-14, 14:26:14, 87500000, 90000000, 19531.25, 1344, 0.68, 0.60, 2.14, 2.64, 0.12, -0.11, -0.30, -0.65, -1.06, -1.02, -1.27, -0.97, -0.70, -0.40, 0.00, 0.34, 0.11, -0.50, -0.56, -1.20, -0.86, -0.81, -0.30, 0.06, -0.01, -0.19, -0.49, -0.37, -0.76, -0.74, -0.88, -0.99, -0.91, -0.72, -0.92, -0.50, -0.24, 1.71, 4.85, 5.92, 6.99, 7.72, 7.42, 7.22, 7.33, 3.75, 0.59, -0.14, -0.34, -0.20, 0.07, 0.10, 0.12, 0.05, 0.23, 0.18, 0.28, 0.71, 0.86, 1.13, 0.88, 0.97, 0.69, 0.62, 0.17, 0.17, 0.10, 0.37, 0.12, 0.12, 0.03, 0.00, -0.13, -0.43, 0.21, 0.83, 2.65, 5.34, 7.03, 9.86, 11.97, 13.93, 15.32, 13.51, 11.52, 8.37, 5.47, 3.16, 1.64, 0.62, 0.26, -0.18, -0.48, -0.56, -0.58, -0.63, -0.72, -0.49, -0.32, -0.12, -0.06, 0.01, 0.08, 0.20, 0.59, 0.85, 0.59, 0.47, 0.66, 0.19, 0.22, 0.14, -0.48, -0.69, -0.58, -0.17, -0.13, 0.15, 0.36, 1.08, 1.98, 2.74, 3.94, 4.12, 3.53, 3.87, 2.65, 1.11, 1.11
2021-06-14, 14:26:14, 90000000, 92500000, 19531.25, 1344, -12.01, -11.86, -11.39, -11.07, -10.23, -9.78, -9.63, -9.56, -9.96, -9.72, -9.51, -8.53, -7.53, -6.08, -4.68, -4.16, -3.79, -4.10, -4.80, -5.46, -6.46, -7.83, -8.32, -7.01, -3.90, -0.72, -0.33, -3.63, -7.35, -8.61, -8.84, -8.27, -7.91, -7.25, -6.85, -6.19, -6.09, -6.37, -6.53, -6.69, -6.65, -6.44, -6.09, -5.01, -4.10, -2.86, -2.32, -2.66, -3.30, -4.31, -5.44, -5.90, -5.22, -4.32, -1.82, 5.26, 11.85, 11.18, 3.51, -2.91, -5.00, -6.15, -7.26, -8.00, -8.23, -8.23, -8.05, -8.21, -8.72, -8.99, -9.20, -9.39, -9.21, -8.62, -7.96, -7.11, -6.78, -6.44, -6.87, -7.28, -7.84, -8.22, -8.78, -8.28, -7.84, -5.98, -3.68, 1.33, -0.86, -5.04, -6.82, -6.61, -5.14, -4.22, -2.98, -1.53, -0.87, -0.15, -0.48, -1.35, -2.44, -3.61, -4.63, -5.44, -5.53, -5.43, -4.75, -4.88, -5.07, -5.58, -5.92, -7.25, -8.33, -9.25, -10.28, -10.49, -9.61, -6.20, -4.99, -7.95, -10.60, -9.25, -7.63, -5.67, -5.85, -8.21, -10.03, -11.68, -11.68
2021-06-14, 14:26:14, 92500000, 95000000, 19531.25, 1344, -4.38, -4.81, -4.54, -4.00, -3.57, -2.72, -2.35, -0.88, 0.60, 1.50, 2.25, 2.25, 1.52, 0.72, -0.77, -1.58, -0.75, 0.75, 3.62, 5.72, 6.83, 6.20, 3.88, 2.32, -0.63, -0.68, 0.89, 2.38, 3.16, 4.15, 5.80, 7.17, 8.01, 9.04, 9.47, 9.57, 9.15, 8.78, 7.70, 6.46, 5.62, 4.89, 3.97, 2.73, 1.83, 0.19, -1.10, -2.52, -3.45, -3.00, -3.05, -2.94, -2.69, -2.80, -3.32, -3.64, -4.01, -3.44, -3.30, -2.03, 0.97, 3.81, 3.06, -0.41, -3.84, -3.84, -4.12, -4.46, -4.22, -4.06, -3.99, -4.05, -3.63, -3.84, -3.72, -3.64, -3.83, -3.95, -3.50, -3.18, -3.17, -2.85, -2.99, -3.60, -3.88, -4.27, -4.56, -4.74, -4.67, -4.16, -3.45, -2.67, -2.00, -1.19, -1.64, -1.62, -1.84, -1.99, -2.42, -2.76, -2.79, -3.11, -2.71, -3.02, -3.63, -3.81, -3.80, -4.22, -3.82, -3.38, -3.22, -2.98, -2.98, -3.13, -3.67, -4.25, -4.82, -5.30, -5.58, -5.59, -5.75, -5.66, -5.42, -5.11, -4.46, -3.73, -3.74, -4.21, -4.21
2021-06-14, 14:26:14, 95000000, 97500000, 19531.25, 1344, -19.60, -19.19, -19.19, -18.73, -18.08, -17.23, -16.36, -15.76, -14.90, -13.77, -12.79, -11.45, -10.62, -10.23, -9.95, -10.04, -10.19, -10.73, -11.39, -12.03, -12.25, -13.02, -13.93, -14.75, -15.99, -16.90, -16.75, -16.83, -17.05, -17.21, -17.10, -17.24, -17.26, -17.00, -17.18, -17.08, -16.82, -17.09, -16.75, -16.74, -16.86, -16.74, -16.48, -16.38, -16.17, -16.02, -16.10, -16.29, -16.16, -15.87, -15.94, -15.81, -15.58, -15.22, -14.40, -13.14, -12.23, -11.75, -12.17, -12.08, -12.06, -11.69, -9.26, -7.26, -3.74, -3.74, -1.96, 0.02, 0.95, 2.24, 3.53, 4.38, 5.80, 6.73, 6.93, 7.08, 6.65, 6.40, 5.79, 4.95, 4.32, 3.21, 2.38, 1.06, -0.31, -3.15, -5.67, -8.08, -10.59, -12.23, -13.20, -13.76, -14.52, -14.77, -14.95, -14.77, -13.82, -11.36, -13.52, -14.41, -14.89, -15.39, -15.32, -15.29, -15.27, -15.06, -15.54, -15.87, -16.01, -16.67, -17.14, -17.42, -17.86, -18.03, -18.51, -18.81, -19.14, -19.40, -19.44, -19.73, -20.07, -20.44, -21.01, -20.87, -20.86, -20.63, -20.05, -20.00, -20.00
2021-06-14, 14:26:14, 97500000, 100000000, 19531.25, 1344, 6.10, 5.48, 6.75, 7.83, 3.49, 3.00, 3.15, 3.26, 3.12, 2.70, 2.50, 1.74, 2.07, 1.62, 0.32, 0.99, -1.03, -1.16, -1.30, -1.34, -1.51, -1.56, -1.84, -1.33, -2.72, -2.67, -2.41, -2.11, -2.67, -1.92, -2.84, -2.68, -2.82, -2.86, -2.76, -2.63, -2.48, -2.01, -2.16, -1.58, -1.65, -1.64, -1.35, -0.86, -0.29, -0.40, -0.39, -0.15, 0.16, 0.53, 1.11, 1.85, 2.56, 3.21, 4.43, 5.20, 6.70, 8.00, 9.49, 11.70, 14.61, 16.33, 16.40, 14.64, 10.52, 10.52, 9.70, 9.85, 9.82, 9.70, 9.81, 9.09, 8.54, 8.02, 7.05, 6.15, 5.17, 3.93, 3.03, 2.42, 1.36, 0.81, 0.27, -0.48, -1.24, -0.89, -1.61, -1.26, -1.97, -1.94, -2.18, -2.23, -2.41, -2.43, -2.85, -2.91, -2.60, -2.81, -2.77, -2.38, -2.95, -2.44, -2.78, -2.70, -2.51, -1.62, -2.27, -2.49, -2.06, -2.21, -2.48, -2.09, -2.09, -0.19, -1.71, -0.97, -0.35, 0.38, 1.53, 1.71, 1.93, 3.00, 4.80, 5.08, 5.01, 8.05, 6.93, 5.58, 5.58
2021-06-14, 14:26:24, 80000000, 82500000, 19531.25, 1344, -22.49, -22.47, -22.00, -22.16, -21.84, -21.45, -20.87, -20.40, -19.69, -19.74, -19.15, -19.02, -18.42, -17.99, -18.09, -17.99, -17.36, -17.45, -17.04, -16.90, -16.71, -16.57, -16.22, -16.21, -16.26, -16.53, -16.28, -16.08, -16.18, -16.33, -16.18, -16.45, -16.25, -16.16, -16.27, -16.20, -16.40, -16.51, -16.41, -16.64, -16.44, -16.60, -16.52, -16.56, -16.32, -16.58, -16.67, -16.18, -16.00, -15.99, -16.14, -15.39, -16.14, -15.80, -16.32, -16.10, -16.31, -16.08, -15.69, -15.91, -14.72, -15.69, -15.54, -14.35, -15.73, -15.73, -15.71, -16.07, -15.99, -15.48, -15.86, -16.02, -15.82, -15.99, -16.11, -15.51, -15.57, -15.68, -16.12, -16.29, -16.21, -16.69, -16.53, -16.45, -16.81, -16.60, -16.34, -16.30, -16.38, -16.44, -16.81, -16.60, -16.59, -16.51, -16.58, -16.42, -16.36, -16.50, -16.73, -16.46, -16.22, -16.34, -16.16, -16.34, -15.86, -16.28, -16.56, -16.44, -16.72, -16.93, -17.10, -17.42, -17.56, -17.50, -17.88, -18.08, -18.53, -18.74, -19.15, -19.52, -19.93, -20.50, -21.11, -21.07, -21.66, -21.90, -22.18, -22.44, -22.44
2021-06-14, 14:26:24, 82500000, 85000000, 19531.25, 1344, -22.57, -22.26, -22.08, -21.85, -21.37, -20.99, -20.64, -20.01, -19.65, -19.42, -18.67, -18.65, -17.94, -17.66, -17.43, -16.92, -16.85, -16.98, -16.64, -16.74, -16.24, -16.01, -16.27, -15.93, -16.20, -16.08, -16.04, -15.97, -15.66, -16.09, -15.91, -15.84, -16.14, -16.13, -16.27, -16.22, -16.43, -16.69, -16.37, -16.43, -16.27, -16.03, -16.46, -16.66, -16.20, -16.39, -16.32, -16.34, -16.43, -16.57, -16.50, -16.58, -16.07, -16.00, -16.02, -15.65, -16.17, -15.98, -15.98, -15.67, -15.72, -15.91, -15.50, -15.88, -15.98, -15.98, -15.98, -16.11, -16.23, -16.15, -16.21, -16.30, -16.53, -16.45, -16.60, -16.36, -16.28, -16.34, -16.50, -16.24, -16.74, -16.72, -16.85, -16.86, -16.68, -17.04, -17.28, -17.08, -17.00, -17.14, -16.91, -17.00, -17.21, -16.90, -16.81, -16.71, -17.03, -16.81, -16.93, -16.95, -16.79, -16.57, -16.98, -17.17, -16.84, -17.17, -17.41, -17.16, -17.21, -17.42, -16.89, -17.56, -17.92, -18.03, -18.48, -18.85, -19.44, -19.63, -19.77, -20.16, -20.55, -20.96, -21.36, -21.81, -22.15, -22.45, -22.42, -22.81, -22.81
2021-06-14, 14:26:24, 85000000, 87500000, 19531.25, 1344, -18.98, -17.64, -15.59, -14.06, -12.76, -11.58, -10.49, -8.86, -7.76, -6.84, -6.08, -5.21, -4.72, -4.34, -3.86, -3.97, -3.71, -3.66, -4.07, -4.47, -4.93, -5.61, -6.58, -8.21, -10.24, -13.70, -16.76, -18.33, -19.25, -19.60, -20.03, -19.91, -19.67, -19.68, -19.87, -19.47, -20.21, -20.61, -20.42, -20.84, -21.05, -20.68, -19.39, -17.35, -15.94, -14.36, -10.81, -9.83, -12.29, -12.13, -11.93, -11.27, -10.94, -10.53, -10.40, -10.77, -11.38, -11.77, -12.95, -14.18, -15.24, -16.54, -18.58, -19.75, -20.17, -20.17, -20.03, -19.96, -19.24, -19.24, -18.92, -18.66, -17.97, -18.32, -18.36, -18.18, -18.38, -18.40, -18.38, -18.61, -18.85, -19.33, -19.24, -19.41, -20.08, -20.44, -20.49, -20.58, -20.88, -20.73, -20.88, -20.66, -20.76, -20.63, -20.51, -20.86, -20.76, -21.10, -20.89, -21.03, -21.27, -20.85, -20.85, -20.12, -18.84, -17.67, -16.62, -12.68, -11.89, -16.77, -19.16, -20.72, -21.09, -21.02, -21.39, -21.98, -22.05, -22.31, -22.22, -22.04, -20.73, -19.88, -19.56, -19.20, -18.65, -18.62, -18.74, -19.19, -19.19
2021-06-14, 14:26:24, 87500000, 90000000, 19531.25, 1344, 1.08, 0.78, 2.01, 2.93, 0.08, 0.14, -0.49, -0.87, -0.76, -1.01, -0.92, -0.80, -0.74, -0.49, -0.03, 0.54, 0.37, 0.16, -0.31, -0.91, -0.37, -0.31, -0.51, 0.03, -0.18, -0.09, -0.25, -0.19, -0.58, -0.47, -0.65, -0.67, -0.86, -0.75, -0.73, -0.67, -0.47, 1.17, 4.44, 6.34, 7.47, 7.69, 7.66, 7.07, 5.82, 3.24, 0.51, -0.01, 0.19, 0.14, 0.33, 0.25, 0.15, -0.03, 0.03, 0.37, 0.56, 0.84, 1.10, 1.27, 1.14, 1.10, 0.74, 0.39, -0.08, -0.08, 0.05, 0.51, 0.39, 0.80, 0.46, 0.16, -0.09, -0.34, -0.13, 0.50, 2.40, 4.05, 6.38, 9.43, 12.00, 14.19, 14.77, 13.81, 11.99, 9.08, 6.31, 4.00, 2.60, 0.73, 0.69, 0.11, 0.14, -0.41, -0.50, -0.40, -0.32, -0.62, -0.42, -0.32, -0.18, -0.14, 0.13, 0.12, 0.43, 1.14, 1.06, 0.90, 0.66, 0.71, 0.60, 0.02, -0.57, -0.25, -0.40, -0.34, 0.04, -0.02, 0.47, 0.96, 1.66, 2.38, 3.51, 4.02, 3.61, 4.10, 2.90, 1.39, 1.39
2021-06-14, 14:26:24, 90000000, 92500000, 19531.25, 1344, -13.53, -13.72, -13.84, -13.34, -12.81, -11.97, -11.70, -11.48, -11.47, -11.24, -10.81, -9.48, -8.15, -7.05, -5.93, -5.22, -5.13, -5.36, -6.30, -7.35, -8.62, -8.92, -9.24, -7.56, -4.37, -0.02, 0.80, -5.21, -8.44, -9.75, -10.29, -9.69, -9.12, -8.55, -8.01, -7.49, -7.28, -7.32, -7.70, -8.02, -8.11, -8.04, -7.36, -6.24, -5.02, -3.71, -3.37, -3.22, -3.66, -4.63, -5.67, -6.33, -6.02, -4.87, -1.27, 7.81, 11.98, 10.19, 4.62, -2.89, -5.86, -7.18, -8.27, -8.94, -9.22, -9.22, -9.32, -9.63, -9.86, -9.86, -10.36, -10.59, -10.34, -10.30, -9.85, -9.20, -8.79, -8.42, -8.66, -9.32, -9.61, -9.79, -9.96, -9.74, -8.50, -5.36, -2.19, 2.21, 0.17, -4.39, -7.50, -7.93, -7.19, -6.42, -5.12, -4.08, -3.42, -3.21, -2.99, -3.46, -4.21, -5.39, -6.40, -6.43, -6.27, -5.48, -4.72, -4.58, -4.65, -5.21, -6.00, -6.96, -8.44, -10.05, -11.24, -11.75, -9.92, -6.01, -5.52, -8.32, -11.69, -11.05, -8.59, -6.25, -5.70, -7.45, -9.73, -12.05, -12.05
2021-06-14, 14:26:24, 92500000, 95000000, 19531.25, 1344, -5.39, -5.62, -5.79, -5.30, -5.17, -4.38, -3.54, -2.07, -0.46, 0.11, 0.61, 0.92, 0.45, -0.40, -1.12, -1.69, -1.62, 1.40, 4.73, 6.98, 7.85, 7.17, 5.43, 2.67, 0.17, -0.22, 1.58, 2.15, 2.43, 3.11, 4.31, 6.13, 6.84, 7.68, 8.01, 7.79, 7.43, 6.92, 6.20, 5.34, 4.32, 3.23, 1.59, 0.11, -1.00, -2.48, -3.58, -4.07, -4.28, -4.52, -3.86, -3.25, -3.17, -3.27, -3.38, -3.62, -4.18, -4.17, -3.16, -1.51, 1.03, 3.46, 3.03, -0.33, -3.81, -3.81, -4.97, -4.80, -4.90, -4.94, -4.73, -5.03, -4.57, -4.68, -4.88, -4.64, -4.80, -4.69, -4.42, -4.29, -3.75, -3.74, -3.56, -4.31, -4.57, -4.91, -5.37, -5.56, -5.27, -4.42, -3.84, -2.90, -2.02, -1.58, -1.63, -1.78, -2.55, -2.78, -3.09, -3.56, -3.35, -3.27, -3.01, -3.53, -4.36, -4.95, -5.00, -4.83, -4.42, -4.27, -4.17, -4.12, -3.91, -4.39, -4.67, -5.14, -5.44, -6.14, -6.62, -6.65, -6.70, -5.72, -6.23, -5.95, -5.90, -5.15, -4.87, -5.34, -5.34
2021-06-14, 14:26:24, 95000000, 97500000, 19531.25, 1344, -19.17, -19.20, -19.44, -18.82, -18.27, -16.95, -16.08, -15.80, -15.23, -13.99, -13.16, -11.33, -10.45, -9.54, -9.42, -9.49, -10.02, -11.06, -11.87, -12.77, -13.13, -13.93, -14.58, -15.68, -16.65, -16.81, -17.08, -17.26, -17.11, -17.26, -17.48, -17.54, -17.30, -17.16, -17.48, -17.30, -17.00, -17.36, -16.91, -17.21, -17.07, -16.69, -16.76, -16.57, -16.30, -16.33, -16.03, -15.92, -15.96, -16.01, -15.60, -15.92, -15.68, -15.26, -14.34, -13.16, -11.01, -11.15, -12.69, -12.77, -12.20, -11.42, -9.04, -7.19, -2.30, -2.30, -0.93, 0.71, 0.83, 1.88, 2.97, 4.26, 5.64, 6.77, 7.70, 7.85, 7.58, 6.49, 5.54, 4.20, 3.19, 2.38, 1.51, 0.02, -2.27, -4.79, -7.33, -9.73, -11.58, -12.85, -13.31, -13.95, -14.59, -15.00, -14.85, -14.58, -13.47, -10.31, -12.35, -14.58, -15.00, -15.39, -15.69, -15.22, -15.36, -15.55, -15.72, -15.94, -16.71, -17.06, -17.28, -17.83, -18.17, -18.52, -18.79, -19.11, -19.45, -19.46, -19.78, -20.24, -20.38, -20.68, -20.96, -21.28, -20.90, -20.58, -19.92, -20.00, -20.00
2021-06-14, 14:26:24, 97500000, 100000000, 19531.25, 1344, 6.43, 5.40, 6.60, 7.73, 3.00, 2.87, 3.16, 3.55, 3.53, 2.93, 3.03, 2.59, 2.56, 2.30, 0.89, 1.21, -0.20, -0.41, -0.33, -0.70, -0.84, -1.12, -1.74, -0.87, -1.94, -2.24, -1.96, -1.91, -2.28, -1.57, -2.10, -2.44, -2.26, -2.40, -2.10, -2.32, -2.08, -1.21, -1.51, -1.06, -1.24, -0.95, -0.69, -0.54, 0.03, 0.28, 0.34, 0.60, 0.81, 1.15, 1.64, 2.04, 3.44, 4.54, 5.48, 6.13, 6.94, 8.42, 10.45, 13.03, 14.51, 16.48, 15.99, 12.64, 7.85, 7.85, 8.27, 9.03, 9.36, 10.32, 9.94, 9.49, 9.34, 8.47, 7.58, 7.01, 5.78, 5.03, 4.31, 3.62, 3.07, 2.37, 1.00, -0.03, -0.18, -0.28, -0.64, -0.93, -1.48, -1.73, -1.97, -1.88, -2.27, -2.11, -2.37, -2.23, -2.38, -2.46, -2.64, -2.24, -2.64, -1.94, -2.18, -1.98, -2.38, -1.26, -2.24, -2.12, -1.69, -2.02, -1.96, -1.95, -1.87, -0.10, -1.19, -0.34, 0.27, 0.78, 1.46, 2.00, 3.13, 3.92, 4.96, 5.87, 4.97, 8.32, 7.42, 5.62, 5.62
2021-06-14, 14:26:34, 80000000, 82500000, 19531.25, 1280, -22.51, -22.65, -22.09, -22.20, -21.95, -21.56, -21.27, -20.62, -19.83, -19.46, -19.39, -18.99, -18.44, -18.10, -18.18, -17.97, -17.74, -17.10, -17.55, -16.84, -16.78, -16.33, -16.07, -15.91, -16.39, -16.49, -16.17, -16.22, -16.14, -16.20, -16.04, -16.36, -16.41, -16.31, -16.46, -16.10, -16.07, -16.41, -16.63, -16.45, -16.36, -16.32, -16.78, -16.46, -16.49, -16.78, -16.48, -16.36, -16.10, -15.83, -15.82, -15.66, -15.64, -16.23, -16.11, -16.01, -16.18, -15.98, -15.70, -15.84, -14.93, -15.66, -15.54, -14.54, -15.86, -15.86, -15.97, -15.90, -15.77, -15.51, -16.15, -15.94, -15.89, -16.04, -16.00, -15.48, -15.50, -15.67, -16.09, -16.30, -16.63, -16.55, -16.52, -16.39, -16.73, -16.63, -16.88, -16.56, -16.48, -16.20, -16.31, -16.69, -16.65, -16.31, -16.66, -16.66, -16.43, -16.49, -16.45, -16.24, -16.35, -16.36, -16.06, -15.89, -15.69, -16.41, -16.71, -16.53, -16.60, -17.01, -17.05, -17.28, -17.54, -17.56, -17.99, -17.95, -18.24, -18.59, -19.43, -19.63, -20.12, -20.36, -21.03, -21.51, -21.70, -22.27, -22.48, -22.74, -22.74
2021-06-14, 14:26:34, 82500000, 85000000, 19531.25, 1280, -22.79, -22.48, -22.23, -21.94, -21.79, -20.98, -20.90, -20.16, -19.73, -19.58, -18.94, -18.66, -18.28, -17.88, -17.51, -17.22, -17.08, -16.94, -16.77, -16.73, -16.47, -16.20, -16.37, -16.21, -16.42, -16.08, -16.07, -16.00, -15.84, -15.98, -16.36, -16.14, -16.09, -16.39, -16.37, -16.62, -16.64, -16.81, -16.53, -16.54, -16.57, -16.41, -16.42, -16.86, -16.78, -16.70, -16.56, -16.88, -16.51, -16.64, -16.65, -16.88, -16.37, -16.48, -16.18, -15.99, -16.38, -16.36, -16.32, -16.00, -16.14, -16.16, -16.00, -15.77, -16.31, -16.31, -16.30, -16.25, -16.41, -16.14, -16.55, -16.76, -16.58, -16.61, -16.51, -16.34, -16.60, -16.17, -16.76, -16.67, -17.03, -16.93, -17.10, -17.07, -17.14, -17.58, -17.60, -17.37, -17.15, -17.37, -17.31, -17.09, -17.35, -17.21, -16.94, -17.20, -17.23, -17.28, -16.98, -17.17, -17.52, -17.00, -17.27, -17.40, -17.24, -17.61, -17.53, -17.72, -17.57, -17.75, -17.32, -18.05, -18.33, -18.27, -18.83, -19.16, -19.92, -20.00, -20.30, -20.86, -21.09, -21.21, -21.65, -21.85, -22.57, -22.82, -23.16, -23.09, -23.09
2021-06-14, 14:26:34, 85000000, 87500000, 19531.25, 1280, -18.90, -18.60, -17.58, -15.95, -15.22, -13.66, -11.75, -10.74, -9.03, -8.20, -6.98, -5.80, -4.71, -3.52, -3.23, -3.39, -3.98, -3.90, -4.05, -4.16, -4.21, -4.24, -4.46, -5.34, -7.47, -9.93, -15.05, -18.05, -19.36, -19.56, -19.70, -19.73, -19.85, -19.68, -19.53, -19.54, -20.09, -20.55, -20.81, -20.76, -21.17, -21.20, -20.36, -18.23, -17.18, -15.33, -11.60, -10.30, -13.06, -12.61, -12.04, -11.44, -10.94, -10.60, -10.69, -10.90, -11.27, -11.90, -12.20, -12.94, -14.24, -15.40, -17.10, -18.67, -20.68, -20.68, -20.76, -20.19, -20.04, -19.83, -19.58, -19.34, -18.71, -18.86, -18.12, -17.80, -18.10, -18.53, -18.64, -18.54, -18.92, -19.07, -18.90, -19.18, -19.13, -19.79, -20.46, -20.97, -21.12, -21.17, -21.21, -20.85, -21.07, -21.06, -21.08, -20.82, -20.93, -21.30, -21.27, -21.43, -21.41, -21.40, -21.35, -21.03, -19.62, -18.64, -17.29, -12.83, -11.94, -16.88, -19.32, -20.78, -21.43, -21.83, -21.84, -22.19, -22.29, -22.53, -22.84, -22.39, -22.62, -21.66, -20.49, -20.78, -20.21, -19.90, -19.65, -19.31, -19.31
2021-06-14, 14:26:34, 87500000, 90000000, 19531.25, 1280, 0.60, 0.38, 1.86, 2.66, 0.18, -0.20, -0.60, -0.97, -0.73, -0.70, -0.58, -0.51, -0.47, 0.12, 0.53, 0.65, 0.24, -0.63, -0.86, -0.97, -0.42, -0.29, -0.46, -0.14, -0.62, -0.47, -0.42, -0.70, -0.68, -0.50, -0.84, -0.56, -0.53, -0.63, -0.53, -0.05, 0.09, 2.28, 5.61, 7.64, 7.71, 7.78, 7.25, 6.67, 5.56, 1.34, -0.08, -0.47, -0.59, -0.04, -0.06, 0.15, 0.35, 0.44, 0.57, 1.12, 1.52, 1.48, 1.16, 1.21, 0.74, 0.80, 0.35, 0.06, -0.29, -0.29, -0.40, -0.06, 0.12, 0.17, 0.62, 0.68, 0.52, 0.05, 0.09, 0.74, 2.60, 4.63, 7.22, 9.98, 12.68, 14.51, 14.88, 13.23, 10.44, 7.95, 5.37, 3.11, 1.60, 0.72, -0.08, -0.29, -0.27, -0.32, -0.19, -0.18, 0.11, -0.14, -0.19, 0.24, -0.02, -0.07, -0.09, 0.04, 0.21, 1.06, 1.15, 0.64, 0.53, 0.46, 0.13, -0.17, -0.86, -0.47, -0.31, -0.00, 0.27, 0.49, 0.56, 1.27, 1.76, 2.24, 3.87, 4.86, 3.71, 3.82, 2.69, 1.26, 1.26
2021-06-14, 14:26:34, 90000000, 92500000, 19531.25, 1280, -12.89, -12.88, -12.67, -12.09, -11.36, -11.05, -10.63, -10.78, -10.71, -10.68, -10.16, -9.11, -7.71, -6.90, -5.69, -5.53, -5.06, -5.22, -5.79, -6.27, -7.08, -7.96, -7.74, -6.14, -2.25, 0.86, 0.17, -3.04, -6.12, -8.91, -9.64, -9.08, -8.31, -7.85, -7.27, -6.94, -7.03, -6.73, -7.24, -7.60, -7.68, -7.37, -6.91, -6.06, -4.69, -3.68, -3.13, -2.88, -3.78, -4.71, -5.59, -6.05, -5.56, -4.26, -0.39, 7.89, 11.73, 9.93, 2.45, -1.65, -5.70, -7.24, -7.85, -8.31, -8.53, -8.53, -8.97, -8.87, -9.28, -9.61, -9.59, -10.08, -9.80, -9.40, -8.99, -8.55, -7.80, -7.78, -8.00, -8.60, -8.94, -9.44, -9.17, -9.18, -8.48, -6.28, -2.12, 3.06, 0.57, -4.73, -7.35, -7.04, -6.31, -5.13, -3.73, -2.82, -2.47, -2.17, -2.32, -2.79, -3.67, -4.13, -4.89, -5.12, -5.33, -4.88, -4.39, -4.21, -4.59, -5.11, -6.14, -7.22, -7.98, -9.71, -10.46, -11.13, -9.48, -5.67, -5.53, -9.04, -11.44, -11.07, -7.52, -4.46, -5.64, -8.68, -10.83, -12.27, -12.27
2021-06-14, 14:26:34, 92500000, 95000000, 19531.25, 1280, -5.53, -5.45, -5.51, -5.12, -5.30, -4.82, -3.59, -2.70, -1.73, -0.20, 0.76, 1.42, 1.11, -0.04, -0.28, -0.71, -0.62, 1.76, 5.24, 7.12, 7.94, 7.23, 5.29, 3.91, 1.63, 1.42, 2.19, 3.39, 4.22, 4.35, 5.58, 6.37, 7.64, 7.99, 8.42, 7.98, 7.23, 5.92, 5.11, 4.20, 3.44, 2.72, 1.63, 0.50, -0.25, -1.26, -2.28, -3.09, -3.52, -3.83, -3.46, -3.20, -3.11, -3.13, -3.37, -3.89, -3.93, -3.65, -3.21, -1.23, 1.27, 4.14, 2.67, -0.43, -3.46, -3.46, -4.45, -4.86, -4.98, -4.77, -4.52, -4.52, -4.65, -4.62, -4.27, -4.73, -4.58, -4.92, -4.46, -4.37, -3.84, -3.43, -3.39, -3.71, -4.27, -4.49, -4.95, -4.77, -5.04, -4.13, -3.46, -2.63, -1.88, -1.71, -1.75, -1.93, -2.48, -2.94, -3.44, -3.43, -3.61, -3.27, -2.90, -3.30, -4.21, -4.82, -4.63, -4.77, -4.75, -4.26, -4.48, -4.11, -4.10, -4.23, -4.29, -4.65, -5.04, -5.39, -5.78, -6.18, -6.10, -5.84, -5.46, -5.23, -4.97, -4.29, -4.50, -5.15, -5.15
2021-06-14, 14:26:34, 95000000, 97500000, 19531.25, 1280, -19.17, -19.00, -18.78, -18.34, -17.52, -16.57, -15.83, -14.84, -14.06, -12.96, -11.96, -11.16, -10.53, -9.97, -9.97, -9.73, -10.74, -10.97, -11.99, -12.77, -13.32, -14.09, -14.92, -15.46, -16.22, -16.59, -16.80, -16.92, -17.23, -17.21, -17.27, -17.35, -16.93, -17.36, -17.32, -17.13, -17.06, -16.89, -16.82, -16.85, -16.74, -16.88, -16.65, -16.65, -16.48, -16.32, -16.24, -16.03, -16.18, -15.83, -15.78, -15.47, -15.43, -14.93, -13.84, -12.88, -11.91, -11.54, -12.36, -12.17, -11.51, -10.22, -8.46, -6.28, -2.71, -2.71, -0.84, 0.56, 2.19, 3.27, 4.72, 5.40, 6.42, 6.65, 7.34, 7.44, 6.93, 5.95, 5.18, 4.01, 3.19, 1.80, 0.73, -0.82, -2.27, -4.38, -6.99, -8.60, -11.05, -12.61, -13.88, -14.60, -15.14, -15.19, -15.27, -14.53, -13.16, -10.61, -12.56, -13.90, -14.71, -15.23, -15.65, -15.51, -15.89, -15.60, -15.61, -16.04, -16.73, -17.00, -17.49, -17.59, -17.80, -18.01, -18.59, -18.72, -19.10, -19.41, -19.55, -19.87, -20.30, -20.58, -21.01, -20.65, -20.92, -20.37, -20.16, -19.89, -19.89
2021-06-14, 14:26:34, 97500000, 100000000, 19531.25, 1280, 6.48, 4.98, 6.74, 7.76, 3.56, 2.94, 2.96, 3.44, 3.34, 2.80, 2.96, 2.35, 2.66, 1.71, 0.62, 0.89, -0.75, -0.87, -1.10, -1.48, -1.03, -1.35, -1.96, -1.10, -2.30, -2.32, -2.15, -2.22, -2.53, -1.60, -2.34, -2.71, -2.67, -2.69, -2.75, -2.52, -2.45, -1.97, -1.98, -1.37, -1.55, -1.10, -1.11, -0.81, -0.32, -0.06, 0.14, 0.47, 0.55, 0.84, 1.51, 2.10, 2.91, 3.59, 4.19, 5.38, 7.20, 8.81, 10.17, 12.33, 14.98, 16.97, 15.83, 13.22, 9.11, 9.11, 8.57, 8.54, 9.34, 9.94, 10.01, 9.98, 9.39, 8.58, 7.93, 7.03, 5.86, 4.39, 3.23, 1.99, 1.32, 0.82, -0.41, -0.16, -1.07, -1.14, -1.48, -1.48, -1.63, -1.66, -2.05, -2.00, -2.11, -2.28, -2.53, -2.53, -2.65, -2.80, -3.06, -2.48, -3.05, -1.92, -2.60, -2.54, -2.42, -1.19, -2.61, -2.62, -2.00, -1.97, -2.46, -2.03, -2.13, -0.23, -1.40, -1.08, -0.50, 0.38, 1.84, 2.16, 2.46, 3.30, 5.29, 5.72, 4.58, 8.14, 6.79, 6.23, 6.23
